temperature,pressure,flow_rate,valve_position,power_output,timestamp
442.12,4.0,2.99,50.0,151.05,1771519003.639
442.12,4.0,2.99,50.0,151.05,1771519003.639
442.12,4.0,2.99,50.0,151.05,1771519003.639
442.12,4.0,2.99,50.0,151.05,1771519003.639
442.12,4.0,2.99,50.0,151.05,1771519003.639
453.53,4.07,2.95,48.71,150.0,1771519004.654
453.53,4.07,2.95,48.71,150.0,1771519004.654
453.53,4.07,2.95,48.71,150.0,1771519004.654
453.53,4.07,2.95,48.71,150.0,1771519004.654
453.53,4.07,2.95,48.71,150.0,1771519004.654
438.53,4.05,3.02,47.55,151.78,1771519005.657
438.53,4.05,3.02,47.55,151.78,1771519005.657
438.53,4.05,3.02,47.55,151.78,1771519005.657
438.53,4.05,3.02,47.55,151.78,1771519005.657
441.77,4.0,2.93,46.51,152.27,1771519006.673
441.77,4.0,2.93,46.51,152.27,1771519006.673
441.77,4.0,2.93,46.51,152.27,1771519006.673
441.77,4.0,2.93,46.51,152.27,1771519006.673
441.77,4.0,2.93,46.51,152.27,1771519006.673
451.84,4.08,3.01,45.57,150.24,1771519007.688
451.84,4.08,3.01,45.57,150.24,1771519007.688
451.84,4.08,3.01,45.57,150.24,1771519007.688
451.84,4.08,3.01,45.57,150.24,1771519007.688
451.84,4.08,3.01,45.57,150.24,1771519007.688
446.57,4.06,2.97,44.73,152.51,1771519008.688
446.57,4.06,2.97,44.73,152.51,1771519008.688
446.57,4.06,2.97,44.73,152.51,1771519008.688
446.57,4.06,2.97,44.73,152.51,1771519008.688
446.01,4.04,2.93,43.96,150.54,1771519009.705
446.01,4.04,2.93,43.96,150.54,1771519009.705
446.01,4.04,2.93,43.96,150.54,1771519009.705
446.01,4.04,2.93,43.96,150.54,1771519009.705
446.01,4.04,2.93,43.96,150.54,1771519009.705
435.11,4.02,3.01,43.28,152.6,1771519010.722
435.11,4.02,3.01,43.28,152.6,1771519010.722
435.11,4.02,3.01,43.28,152.6,1771519010.722
435.11,4.02,3.01,43.28,152.6,1771519010.722
435.11,4.02,3.01,43.28,152.6,1771519010.722
432.73,4.08,2.97,42.66,150.0,1771519011.723
432.73,4.08,2.97,42.66,150.0,1771519011.723
432.73,4.08,2.97,42.66,150.0,1771519011.723
432.73,4.08,2.97,42.66,150.0,1771519011.723
435.74,4.08,2.9,42.11,150.47,1771519012.724
435.74,4.08,2.9,42.11,150.47,1771519012.724
435.74,4.08,2.9,42.11,150.47,1771519012.724
435.74,4.08,2.9,42.11,150.47,1771519012.724
435.74,4.08,2.9,42.11,150.47,1771519012.724
434.23,4.08,2.95,41.61,150.0,1771519013.737
434.23,4.08,2.95,41.61,150.0,1771519013.737
434.23,4.08,2.95,41.61,150.0,1771519013.737
434.23,4.08,2.95,41.61,150.0,1771519013.737
441.54,4.0,2.91,41.58,151.8,1771519014.74
441.54,4.0,2.91,41.58,151.8,1771519014.74
441.54,4.0,2.91,41.58,151.8,1771519014.74
441.54,4.0,2.91,41.58,151.8,1771519014.74
441.54,4.0,2.91,41.58,151.8,1771519014.74
441.85,4.0,2.98,41.55,150.0,1771519015.741
441.85,4.0,2.98,41.55,150.0,1771519015.741
441.85,4.0,2.98,41.55,150.0,1771519015.741
441.85,4.0,2.98,41.55,150.0,1771519015.741
441.85,4.0,2.98,41.55,150.0,1771519015.741
441.95,4.0,2.96,41.52,150.46,1771519016.753
441.95,4.0,2.96,41.52,150.46,1771519016.753
441.95,4.0,2.96,41.52,150.46,1771519016.753
441.95,4.0,2.96,41.52,150.46,1771519016.753
440.99,4.0,2.95,41.49,150.0,1771519017.754
440.99,4.0,2.95,41.49,150.0,1771519017.754
440.99,4.0,2.95,41.49,150.0,1771519017.754
440.99,4.0,2.95,41.49,150.0,1771519017.754
440.99,4.0,2.95,41.49,150.0,1771519017.754
425.41,4.06,2.94,41.47,150.0,1771519018.757
425.41,4.06,2.94,41.47,150.0,1771519018.757
425.41,4.06,2.94,41.47,150.0,1771519018.757
425.41,4.06,2.94,41.47,150.0,1771519018.757
425.41,4.06,2.94,41.47,150.0,1771519018.757
431.9,4.08,2.96,41.45,152.93,1771519019.762
431.9,4.08,2.96,41.45,152.93,1771519019.762
431.9,4.08,2.96,41.45,152.93,1771519019.762
431.9,4.08,2.96,41.45,152.93,1771519019.762
429.73,4.0,2.92,41.43,150.0,1771519020.77
429.73,4.0,2.92,41.43,150.0,1771519020.77
429.73,4.0,2.92,41.43,150.0,1771519020.77
429.73,4.0,2.92,41.43,150.0,1771519020.77
429.73,4.0,2.92,41.43,150.0,1771519020.77
420.59,4.0,2.9,41.42,151.06,1771519021.771
420.59,4.0,2.9,41.42,151.06,1771519021.771
420.59,4.0,2.9,41.42,151.06,1771519021.771
420.59,4.0,2.9,41.42,151.06,1771519021.771
420.59,4.0,2.9,41.42,151.06,1771519021.771
420.77,4.04,2.97,41.4,150.49,1771519022.772
420.77,4.04,2.97,41.4,150.49,1771519022.772
420.77,4.04,2.97,41.4,150.49,1771519022.772
420.77,4.04,2.97,41.4,150.49,1771519022.772
425.65,4.06,2.95,41.39,150.67,1771519023.772
425.65,4.06,2.95,41.39,150.67,1771519023.772
425.65,4.06,2.95,41.39,150.67,1771519023.772
425.65,4.06,2.95,41.39,150.67,1771519023.772
425.65,4.06,2.95,41.39,150.67,1771519023.772
431.51,4.0,2.97,41.38,152.56,1771519024.788
431.51,4.0,2.97,41.38,152.56,1771519024.788
431.51,4.0,2.97,41.38,152.56,1771519024.788
431.51,4.0,2.97,41.38,152.56,1771519024.788
431.51,4.0,2.97,41.38,152.56,1771519024.788
423.74,4.02,2.94,43.37,150.0,1771519025.789
423.74,4.02,2.94,43.37,150.0,1771519025.789
423.74,4.02,2.94,43.37,150.0,1771519025.789
423.74,4.02,2.94,43.37,150.0,1771519025.789
417.09,4.0,2.89,45.16,150.0,1771519026.79
417.09,4.0,2.89,45.16,150.0,1771519026.79
417.09,4.0,2.89,45.16,150.0,1771519026.79
417.09,4.0,2.89,45.16,150.0,1771519026.79
417.09,4.0,2.89,45.16,150.0,1771519026.79
419.94,4.0,2.96,46.78,151.31,1771519027.804
419.94,4.0,2.96,46.78,151.31,1771519027.804
419.94,4.0,2.96,46.78,151.31,1771519027.804
419.94,4.0,2.96,46.78,151.31,1771519027.804
419.94,4.0,2.96,46.78,151.31,1771519027.804
413.43,4.0,3.0,48.23,150.0,1771519028.804
413.43,4.0,3.0,48.23,150.0,1771519028.804
413.43,4.0,3.0,48.23,150.0,1771519028.804
413.43,4.0,3.0,48.23,150.0,1771519028.804
422.66,4.0,2.9,49.54,152.76,1771519029.806
422.66,4.0,2.9,49.54,152.76,1771519029.806
422.66,4.0,2.9,49.54,152.76,1771519029.806
422.66,4.0,2.9,49.54,152.76,1771519029.806
422.66,4.0,2.9,49.54,152.76,1771519029.806
414.46,4.0,2.95,50.72,151.23,1771519030.822
414.46,4.0,2.95,50.72,151.23,1771519030.822
414.46,4.0,2.95,50.72,151.23,1771519030.822
414.46,4.0,2.95,50.72,151.23,1771519030.822
418.36,4.0,2.94,51.78,152.62,1771519031.822
418.36,4.0,2.94,51.78,152.62,1771519031.822
418.36,4.0,2.94,51.78,152.62,1771519031.822
418.36,4.0,2.94,51.78,152.62,1771519031.822
418.36,4.0,2.94,51.78,152.62,1771519031.822
408.42,4.0,2.91,52.73,151.1,1771519032.836
408.42,4.0,2.91,52.73,151.1,1771519032.836
408.42,4.0,2.91,52.73,151.1,1771519032.836
408.42,4.0,2.91,52.73,151.1,1771519032.836
408.42,4.0,2.91,52.73,151.1,1771519032.836
415.0,4.06,2.95,53.59,152.64,1771519033.837
415.0,4.06,2.95,53.59,152.64,1771519033.837
415.0,4.06,2.95,53.59,152.64,1771519033.837
415.0,4.06,2.95,53.59,152.64,1771519033.837
411.47,4.03,2.96,54.36,150.58,1771519034.855
411.47,4.03,2.96,54.36,150.58,1771519034.855
411.47,4.03,2.96,54.36,150.58,1771519034.855
411.47,4.03,2.96,54.36,150.58,1771519034.855
411.47,4.03,2.96,54.36,150.58,1771519034.855
410.25,4.0,3.02,55.05,152.33,1771519035.856
410.25,4.0,3.02,55.05,152.33,1771519035.856
410.25,4.0,3.02,55.05,152.33,1771519035.856
410.25,4.0,3.02,55.05,152.33,1771519035.856
410.25,4.0,3.02,55.05,152.33,1771519035.856
413.51,4.06,2.93,52.74,151.59,1771519036.87
413.51,4.06,2.93,52.74,151.59,1771519036.87
413.51,4.06,2.93,52.74,151.59,1771519036.87
413.51,4.06,2.93,52.74,151.59,1771519036.87
403.49,4.05,2.92,50.65,150.45,1771519037.872
403.49,4.05,2.92,50.65,150.45,1771519037.872
403.49,4.05,2.92,50.65,150.45,1771519037.872
403.49,4.05,2.92,50.65,150.45,1771519037.872
403.49,4.05,2.92,50.65,150.45,1771519037.872
403.31,4.0,2.95,48.77,150.72,1771519038.887
403.31,4.0,2.95,48.77,150.72,1771519038.887
403.31,4.0,2.95,48.77,150.72,1771519038.887
403.31,4.0,2.95,48.77,150.72,1771519038.887
403.31,4.0,2.95,48.77,150.72,1771519038.887
401.77,4.0,2.94,47.08,150.0,1771519039.903
401.77,4.0,2.94,47.08,150.0,1771519039.903
401.77,4.0,2.94,47.08,150.0,1771519039.903
401.77,4.0,2.94,47.08,150.0,1771519039.903
400.0,4.0,2.93,45.56,150.38,1771519040.904
400.0,4.0,2.93,45.56,150.38,1771519040.904
400.0,4.0,2.93,45.56,150.38,1771519040.904
400.0,4.0,2.93,45.56,150.38,1771519040.904
400.0,4.0,2.93,45.56,150.38,1771519040.904
400.72,4.0,2.93,44.19,150.0,1771519041.904
400.72,4.0,2.93,44.19,150.0,1771519041.904
400.72,4.0,2.93,44.19,150.0,1771519041.904
400.72,4.0,2.93,44.19,150.0,1771519041.904
400.72,4.0,2.93,44.19,150.0,1771519041.904
405.97,4.0,3.0,42.95,150.0,1771519042.92
405.97,4.0,3.0,42.95,150.0,1771519042.92
405.97,4.0,3.0,42.95,150.0,1771519042.92
405.97,4.0,3.0,42.95,150.0,1771519042.92
407.9,4.05,2.98,41.84,150.0,1771519043.937
407.9,4.05,2.98,41.84,150.0,1771519043.937
407.9,4.05,2.98,41.84,150.0,1771519043.937
407.9,4.05,2.98,41.84,150.0,1771519043.937
407.9,4.05,2.98,41.84,150.0,1771519043.937
400.0,4.0,2.94,40.85,150.0,1771519044.953
400.0,4.0,2.94,40.85,150.0,1771519044.953
400.0,4.0,2.94,40.85,150.0,1771519044.953
400.0,4.0,2.94,40.85,150.0,1771519044.953
400.0,4.0,2.94,40.85,150.0,1771519044.953
407.95,4.0,2.94,39.95,150.0,1771519045.969
407.95,4.0,2.94,39.95,150.0,1771519045.969
407.95,4.0,2.94,39.95,150.0,1771519045.969
407.95,4.0,2.94,39.95,150.0,1771519045.969
403.22,4.07,2.97,39.14,151.05,1771519046.97
403.22,4.07,2.97,39.14,151.05,1771519046.97
403.22,4.07,2.97,39.14,151.05,1771519046.97
403.22,4.07,2.97,39.14,151.05,1771519046.97
403.22,4.07,2.97,39.14,151.05,1771519046.97
401.06,4.0,2.93,42.07,150.0,1771519047.972
401.06,4.0,2.93,42.07,150.0,1771519047.972
401.06,4.0,2.93,42.07,150.0,1771519047.972
401.06,4.0,2.93,42.07,150.0,1771519047.972
401.06,4.0,2.93,42.07,150.0,1771519047.972
400.0,4.03,2.92,44.71,152.93,1771519048.985
400.0,4.03,2.92,44.71,152.93,1771519048.985
400.0,4.03,2.92,44.71,152.93,1771519048.985
400.0,4.03,2.92,44.71,152.93,1771519048.985
405.95,4.0,2.97,47.08,150.0,1771519049.986
405.95,4.0,2.97,47.08,150.0,1771519049.986
405.95,4.0,2.97,47.08,150.0,1771519049.986
405.95,4.0,2.97,47.08,150.0,1771519049.986
405.95,4.0,2.97,47.08,150.0,1771519049.986
400.0,4.0,2.99,49.22,150.0,1771519050.986
400.0,4.0,2.99,49.22,150.0,1771519050.986
400.0,4.0,2.99,49.22,150.0,1771519050.986
400.0,4.0,2.99,49.22,150.0,1771519050.986
400.0,4.0,2.99,49.22,150.0,1771519050.986
402.73,4.0,2.93,51.15,151.73,1771519051.987
402.73,4.0,2.93,51.15,151.73,1771519051.987
402.73,4.0,2.93,51.15,151.73,1771519051.987
402.73,4.0,2.93,51.15,151.73,1771519051.987
405.56,4.01,3.0,52.88,151.92,1771519053.003
405.56,4.01,3.0,52.88,151.92,1771519053.003
405.56,4.01,3.0,52.88,151.92,1771519053.003
405.56,4.01,3.0,52.88,151.92,1771519053.003
405.56,4.01,3.0,52.88,151.92,1771519053.003
400.66,4.0,2.98,54.44,150.0,1771519054.004
400.66,4.0,2.98,54.44,150.0,1771519054.004
400.66,4.0,2.98,54.44,150.0,1771519054.004
400.66,4.0,2.98,54.44,150.0,1771519054.004
400.66,4.0,2.98,54.44,150.0,1771519054.004
407.78,4.0,3.0,55.84,150.0,1771519055.019
407.78,4.0,3.0,55.84,150.0,1771519055.019
407.78,4.0,3.0,55.84,150.0,1771519055.019
407.78,4.0,3.0,55.84,150.0,1771519055.019
410.5,4.0,2.94,57.1,150.76,1771519056.02
410.5,4.0,2.94,57.1,150.76,1771519056.02
410.5,4.0,2.94,57.1,150.76,1771519056.02
410.5,4.0,2.94,57.1,150.76,1771519056.02
410.5,4.0,2.94,57.1,150.76,1771519056.02
404.51,4.02,2.96,58.24,150.0,1771519057.036
404.51,4.02,2.96,58.24,150.0,1771519057.036
404.51,4.02,2.96,58.24,150.0,1771519057.036
404.51,4.02,2.96,58.24,150.0,1771519057.036
404.51,4.02,2.96,58.24,150.0,1771519057.036
402.23,4.0,2.99,59.13,152.59,1771519058.05
402.23,4.0,2.99,59.13,152.59,1771519058.05
402.23,4.0,2.99,59.13,152.59,1771519058.05
402.23,4.0,2.99,59.13,152.59,1771519058.05
400.0,4.0,2.99,59.94,150.55,1771519059.061
400.0,4.0,2.99,59.94,150.55,1771519059.061
400.0,4.0,2.99,59.94,150.55,1771519059.061
400.0,4.0,2.99,59.94,150.55,1771519059.061
400.0,4.0,2.99,59.94,150.55,1771519059.061
400.38,4.04,3.01,60.67,152.91,1771519060.075
400.38,4.04,3.01,60.67,152.91,1771519060.075
400.38,4.04,3.01,60.67,152.91,1771519060.075
400.38,4.04,3.01,60.67,152.91,1771519060.075
400.38,4.04,3.01,60.67,152.91,1771519060.075
400.0,4.01,3.0,61.32,151.61,1771519061.085
400.0,4.01,3.0,61.32,151.61,1771519061.085
400.0,4.01,3.0,61.32,151.61,1771519061.085
400.0,4.01,3.0,61.32,151.61,1771519061.085
400.0,4.0,3.01,61.91,150.0,1771519062.093
400.0,4.0,3.01,61.91,150.0,1771519062.093
400.0,4.0,3.01,61.91,150.0,1771519062.093
400.0,4.0,3.01,61.91,150.0,1771519062.093
400.0,4.0,3.01,61.91,150.0,1771519062.093
409.79,4.0,3.02,62.44,150.0,1771519063.098
409.79,4.0,3.02,62.44,150.0,1771519063.098
409.79,4.0,3.02,62.44,150.0,1771519063.098
409.79,4.0,3.02,62.44,150.0,1771519063.098
400.27,4.0,2.97,62.91,151.15,1771519064.099
400.27,4.0,2.97,62.91,151.15,1771519064.099
400.27,4.0,2.97,62.91,151.15,1771519064.099
400.27,4.0,2.97,62.91,151.15,1771519064.099
400.27,4.0,2.97,62.91,151.15,1771519064.099
405.76,4.0,2.91,63.34,150.0,1771519065.105
405.76,4.0,2.91,63.34,150.0,1771519065.105
405.76,4.0,2.91,63.34,150.0,1771519065.105
405.76,4.0,2.91,63.34,150.0,1771519065.105
405.76,4.0,2.91,63.34,150.0,1771519065.105
400.0,4.0,2.95,63.73,150.0,1771519066.118
400.0,4.0,2.95,63.73,150.0,1771519066.118
400.0,4.0,2.95,63.73,150.0,1771519066.118
400.0,4.0,2.95,63.73,150.0,1771519066.118
400.0,4.0,2.94,64.07,152.27,1771519067.13
400.0,4.0,2.94,64.07,152.27,1771519067.13
400.0,4.0,2.94,64.07,152.27,1771519067.13
400.0,4.0,2.94,64.07,152.27,1771519067.13
400.0,4.0,2.94,64.07,152.27,1771519067.13
402.05,4.02,3.01,64.39,152.06,1771519068.134
402.05,4.02,3.01,64.39,152.06,1771519068.134
402.05,4.02,3.01,64.39,152.06,1771519068.134
402.05,4.02,3.01,64.39,152.06,1771519068.134
402.05,4.02,3.01,64.39,152.06,1771519068.134
400.0,4.0,2.99,64.13,152.53,1771519069.152
400.0,4.0,2.99,64.13,152.53,1771519069.152
400.0,4.0,2.99,64.13,152.53,1771519069.152
400.0,4.0,2.99,64.13,152.53,1771519069.152
400.0,4.0,2.99,64.13,152.53,1771519069.152
400.0,4.0,3.01,63.89,150.88,1771519070.163
400.0,4.0,3.01,63.89,150.88,1771519070.163
400.0,4.0,3.01,63.89,150.88,1771519070.163
400.0,4.0,3.01,63.89,150.88,1771519070.163
400.0,4.0,3.01,63.68,150.0,1771519071.168
400.0,4.0,3.01,63.68,150.0,1771519071.168
400.0,4.0,3.01,63.68,150.0,1771519071.168
400.0,4.0,3.01,63.68,150.0,1771519071.168
400.0,4.0,3.01,63.68,150.0,1771519071.168
400.0,4.0,3.03,63.49,150.0,1771519072.176
400.0,4.0,3.03,63.49,150.0,1771519072.176
400.0,4.0,3.03,63.49,150.0,1771519072.176
400.0,4.0,3.03,63.49,150.0,1771519072.176
403.81,4.01,3.04,63.32,152.43,1771519073.177
403.81,4.01,3.04,63.32,152.43,1771519073.177
403.81,4.01,3.04,63.32,152.43,1771519073.177
403.81,4.01,3.04,63.32,152.43,1771519073.177
403.81,4.01,3.04,63.32,152.43,1771519073.177
405.63,4.0,3.01,63.17,150.88,1771519074.179
405.63,4.0,3.01,63.17,150.88,1771519074.179
405.63,4.0,3.01,63.17,150.88,1771519074.179
405.63,4.0,3.01,63.17,150.88,1771519074.179
405.63,4.0,3.01,63.17,150.88,1771519074.179
403.72,4.06,3.02,63.03,150.79,1771519075.194
403.72,4.06,3.02,63.03,150.79,1771519075.194
403.72,4.06,3.02,63.03,150.79,1771519075.194
403.72,4.06,3.02,63.03,150.79,1771519075.194
400.0,4.01,3.03,62.9,150.0,1771519076.207
400.0,4.01,3.03,62.9,150.0,1771519076.207
400.0,4.01,3.03,62.9,150.0,1771519076.207
400.0,4.01,3.03,62.9,150.0,1771519076.207
400.0,4.01,3.03,62.9,150.0,1771519076.207
400.0,4.0,2.93,62.79,151.76,1771519077.222
400.0,4.0,2.93,62.79,151.76,1771519077.222
400.0,4.0,2.93,62.79,151.76,1771519077.222
400.0,4.0,2.93,62.79,151.76,1771519077.222
400.0,4.0,2.93,62.79,151.76,1771519077.222
400.0,4.0,3.02,62.69,150.0,1771519078.234
400.0,4.0,3.02,62.69,150.0,1771519078.234
400.0,4.0,3.02,62.69,150.0,1771519078.234
400.0,4.0,3.02,62.69,150.0,1771519078.234
402.17,4.06,3.02,62.6,151.35,1771519079.244
402.17,4.06,3.02,62.6,151.35,1771519079.244
402.17,4.06,3.02,62.6,151.35,1771519079.244
402.17,4.06,3.02,62.6,151.35,1771519079.244
402.17,4.06,3.02,62.6,151.35,1771519079.244
400.0,4.0,2.95,64.1,150.15,1771519080.245
400.0,4.0,2.95,64.1,150.15,1771519080.245
400.0,4.0,2.95,64.1,150.15,1771519080.245
400.0,4.0,2.95,64.1,150.15,1771519080.245
400.0,4.0,2.95,64.1,150.15,1771519080.245
400.0,4.0,2.93,65.44,150.0,1771519081.258
400.0,4.0,2.93,65.44,150.0,1771519081.258
400.0,4.0,2.93,65.44,150.0,1771519081.258
400.0,4.0,2.93,65.44,150.0,1771519081.258
400.0,4.0,2.93,65.44,150.0,1771519081.258
400.0,4.05,2.92,66.66,150.0,1771519082.265
400.0,4.05,2.92,66.66,150.0,1771519082.265
400.0,4.05,2.92,66.66,150.0,1771519082.265
400.0,4.05,2.92,66.66,150.0,1771519082.265
407.59,4.0,3.01,67.75,150.0,1771519083.265
407.59,4.0,3.01,67.75,150.0,1771519083.265
407.59,4.0,3.01,67.75,150.0,1771519083.265
407.59,4.0,3.01,67.75,150.0,1771519083.265
407.59,4.0,3.01,67.75,150.0,1771519083.265
400.0,4.07,3.0,68.73,150.0,1771519084.276
400.0,4.07,3.0,68.73,150.0,1771519084.276
400.0,4.07,3.0,68.73,150.0,1771519084.276
400.0,4.07,3.0,68.73,150.0,1771519084.276
402.59,4.03,2.97,69.61,150.0,1771519085.283
402.59,4.03,2.97,69.61,150.0,1771519085.283
402.59,4.03,2.97,69.61,150.0,1771519085.283
402.59,4.03,2.97,69.61,150.0,1771519085.283
402.59,4.03,2.97,69.61,150.0,1771519085.283
407.02,4.0,3.04,70.41,151.92,1771519086.298
407.02,4.0,3.04,70.41,151.92,1771519086.298
407.02,4.0,3.04,70.41,151.92,1771519086.298
407.02,4.0,3.04,70.41,151.92,1771519086.298
407.02,4.0,3.04,70.41,151.92,1771519086.298
400.0,4.0,2.95,71.13,150.0,1771519087.298
400.0,4.0,2.95,71.13,150.0,1771519087.298
400.0,4.0,2.95,71.13,150.0,1771519087.298
400.0,4.0,2.95,71.13,150.0,1771519087.298
400.0,4.05,3.04,71.77,150.0,1771519088.301
400.0,4.05,3.04,71.77,150.0,1771519088.301
400.0,4.05,3.04,71.77,150.0,1771519088.301
400.0,4.05,3.04,71.77,150.0,1771519088.301
400.0,4.05,3.04,71.77,150.0,1771519088.301
405.18,4.06,2.93,72.35,150.0,1771519089.311
405.18,4.06,2.93,72.35,150.0,1771519089.311
405.18,4.06,2.93,72.35,150.0,1771519089.311
405.18,4.06,2.93,72.35,150.0,1771519089.311
405.18,4.06,2.93,72.35,150.0,1771519089.311
400.0,4.06,2.98,71.57,152.94,1771519090.321
400.0,4.06,2.98,71.57,152.94,1771519090.321
400.0,4.06,2.98,71.57,152.94,1771519090.321
400.0,4.06,2.98,71.57,152.94,1771519090.321
400.0,4.0,3.01,70.86,151.05,1771519091.332
400.0,4.0,3.01,70.86,151.05,1771519091.332
400.0,4.0,3.01,70.86,151.05,1771519091.332
400.0,4.0,3.01,70.86,151.05,1771519091.332
400.0,4.0,3.01,70.86,151.05,1771519091.332
407.02,4.0,3.0,70.23,152.94,1771519092.333
407.02,4.0,3.0,70.23,152.94,1771519092.333
407.02,4.0,3.0,70.23,152.94,1771519092.333
407.02,4.0,3.0,70.23,152.94,1771519092.333
407.02,4.0,3.0,70.23,152.94,1771519092.333
400.0,4.02,2.96,69.66,151.16,1771519093.345
400.0,4.02,2.96,69.66,151.16,1771519093.345
400.0,4.02,2.96,69.66,151.16,1771519093.345
400.0,4.02,2.96,69.66,151.16,1771519093.345
400.0,4.05,3.03,69.14,150.0,1771519094.351
400.0,4.05,3.03,69.14,150.0,1771519094.351
400.0,4.05,3.03,69.14,150.0,1771519094.351
400.0,4.05,3.03,69.14,150.0,1771519094.351
400.0,4.05,3.03,69.14,150.0,1771519094.351
400.0,4.0,2.98,68.68,150.0,1771519095.363
400.0,4.0,2.98,68.68,150.0,1771519095.363
400.0,4.0,2.98,68.68,150.0,1771519095.363
400.0,4.0,2.98,68.68,150.0,1771519095.363
400.0,4.0,3.01,68.26,150.0,1771519096.376
400.0,4.0,3.01,68.26,150.0,1771519096.376
400.0,4.0,3.01,68.26,150.0,1771519096.376
400.0,4.0,3.01,68.26,150.0,1771519096.376
400.0,4.0,3.01,68.26,150.0,1771519096.376
405.59,4.07,3.03,67.89,150.0,1771519097.388
405.59,4.07,3.03,67.89,150.0,1771519097.388
405.59,4.07,3.03,67.89,150.0,1771519097.388
405.59,4.07,3.03,67.89,150.0,1771519097.388
405.59,4.07,3.03,67.89,150.0,1771519097.388
402.42,4.02,2.99,67.55,150.0,1771519098.4
402.42,4.02,2.99,67.55,150.0,1771519098.4
402.42,4.02,2.99,67.55,150.0,1771519098.4
402.42,4.02,2.99,67.55,150.0,1771519098.4
404.74,4.0,3.01,67.25,150.04,1771519099.405
404.74,4.0,3.01,67.25,150.04,1771519099.405
404.74,4.0,3.01,67.25,150.04,1771519099.405
404.74,4.0,3.01,67.25,150.04,1771519099.405
404.74,4.0,3.01,67.25,150.04,1771519099.405
400.0,4.0,2.94,66.98,152.6,1771519100.415
400.0,4.0,2.94,66.98,152.6,1771519100.415
400.0,4.0,2.94,66.98,152.6,1771519100.415
400.0,4.0,2.94,66.98,152.6,1771519100.415
400.0,4.0,2.94,66.98,152.6,1771519100.415
400.0,4.02,3.03,66.51,151.32,1771519101.429
400.0,4.02,3.03,66.51,151.32,1771519101.429
400.0,4.02,3.03,66.51,151.32,1771519101.429
400.0,4.02,3.03,66.51,151.32,1771519101.429
406.28,4.0,3.02,66.08,152.57,1771519102.44
406.28,4.0,3.02,66.08,152.57,1771519102.44
406.28,4.0,3.02,66.08,152.57,1771519102.44
406.28,4.0,3.02,66.08,152.57,1771519102.44
406.28,4.0,3.02,66.08,152.57,1771519102.44
401.05,4.0,2.97,65.7,151.68,1771519103.45
401.05,4.0,2.97,65.7,151.68,1771519103.45
401.05,4.0,2.97,65.7,151.68,1771519103.45
401.05,4.0,2.97,65.7,151.68,1771519103.45
401.05,4.0,2.97,65.7,151.68,1771519103.45
403.05,4.0,2.99,65.36,151.09,1771519104.46
403.05,4.0,2.99,65.36,151.09,1771519104.46
403.05,4.0,2.99,65.36,151.09,1771519104.46
403.05,4.0,2.99,65.36,151.09,1771519104.46
405.07,4.02,3.01,65.05,150.04,1771519105.468
405.07,4.02,3.01,65.05,150.04,1771519105.468
405.07,4.02,3.01,65.05,150.04,1771519105.468
405.07,4.02,3.01,65.05,150.04,1771519105.468
405.07,4.02,3.01,65.05,150.04,1771519105.468
400.0,4.0,3.0,64.78,150.0,1771519106.483
400.0,4.0,3.0,64.78,150.0,1771519106.483
400.0,4.0,3.0,64.78,150.0,1771519106.483
400.0,4.0,3.0,64.78,150.0,1771519106.483
400.0,4.0,3.0,64.78,150.0,1771519106.483
400.0,4.0,3.0,64.53,151.38,1771519107.493
400.0,4.0,3.0,64.53,151.38,1771519107.493
400.0,4.0,3.0,64.53,151.38,1771519107.493
400.0,4.0,3.0,64.53,151.38,1771519107.493
404.9,4.04,3.07,64.3,150.0,1771519108.508
404.9,4.04,3.07,64.3,150.0,1771519108.508
404.9,4.04,3.07,64.3,150.0,1771519108.508
404.9,4.04,3.07,64.3,150.0,1771519108.508
404.9,4.04,3.07,64.3,150.0,1771519108.508
403.49,4.0,3.08,64.1,152.76,1771519109.514
403.49,4.0,3.08,64.1,152.76,1771519109.514
403.49,4.0,3.08,64.1,152.76,1771519109.514
403.49,4.0,3.08,64.1,152.76,1771519109.514
403.49,4.0,3.08,64.1,152.76,1771519109.514
400.0,4.0,3.04,63.92,150.0,1771519110.524
400.0,4.0,3.04,63.92,150.0,1771519110.524
400.0,4.0,3.04,63.92,150.0,1771519110.524
400.0,4.0,3.04,63.92,150.0,1771519110.524
401.87,4.03,2.97,63.75,150.0,1771519111.533
401.87,4.03,2.97,63.75,150.0,1771519111.533
401.87,4.03,2.97,63.75,150.0,1771519111.533
401.87,4.03,2.97,63.75,150.0,1771519111.533
401.87,4.03,2.97,63.75,150.0,1771519111.533
400.0,4.0,3.03,65.31,152.44,1771519112.534
400.0,4.0,3.03,65.31,152.44,1771519112.534
400.0,4.0,3.03,65.31,152.44,1771519112.534
400.0,4.0,3.03,65.31,152.44,1771519112.534
400.0,4.0,3.03,65.31,152.44,1771519112.534
400.0,4.08,2.98,66.71,151.1,1771519113.548
400.0,4.08,2.98,66.71,151.1,1771519113.548
400.0,4.08,2.98,66.71,151.1,1771519113.548
400.0,4.08,2.98,66.71,151.1,1771519113.548
400.0,4.0,3.03,67.98,150.0,1771519114.552
400.0,4.0,3.03,67.98,150.0,1771519114.552
400.0,4.0,3.03,67.98,150.0,1771519114.552
400.0,4.0,3.03,67.98,150.0,1771519114.552
400.0,4.0,3.03,67.98,150.0,1771519114.552
405.72,4.02,3.04,69.11,150.0,1771519115.568
405.72,4.02,3.04,69.11,150.0,1771519115.568
405.72,4.02,3.04,69.11,150.0,1771519115.568
405.72,4.02,3.04,69.11,150.0,1771519115.568
405.72,4.02,3.04,69.11,150.0,1771519115.568
400.03,4.0,3.06,70.13,150.3,1771519116.569
400.03,4.0,3.06,70.13,150.3,1771519116.569
400.03,4.0,3.06,70.13,150.3,1771519116.569
400.03,4.0,3.06,70.13,150.3,1771519116.569
400.0,4.0,3.07,71.05,150.0,1771519117.583
400.0,4.0,3.07,71.05,150.0,1771519117.583
400.0,4.0,3.07,71.05,150.0,1771519117.583
400.0,4.0,3.07,71.05,150.0,1771519117.583
400.0,4.0,3.07,71.05,150.0,1771519117.583
400.0,4.0,3.0,71.88,150.0,1771519118.6
400.0,4.0,3.0,71.88,150.0,1771519118.6
400.0,4.0,3.0,71.88,150.0,1771519118.6
400.0,4.0,3.0,71.88,150.0,1771519118.6
400.0,4.0,3.0,71.88,150.0,1771519118.6
405.65,4.0,2.99,72.63,151.11,1771519119.605
405.65,4.0,2.99,72.63,151.11,1771519119.605
405.65,4.0,2.99,72.63,151.11,1771519119.605
405.65,4.0,2.99,72.63,151.11,1771519119.605
402.8,4.01,3.06,73.3,150.0,1771519120.615
402.8,4.01,3.06,73.3,150.0,1771519120.615
402.8,4.01,3.06,73.3,150.0,1771519120.615
402.8,4.01,3.06,73.3,150.0,1771519120.615
402.8,4.01,3.06,73.3,150.0,1771519120.615
400.0,4.0,2.98,73.9,151.01,1771519121.615
400.0,4.0,2.98,73.9,151.01,1771519121.615
400.0,4.0,2.98,73.9,151.01,1771519121.615
400.0,4.0,2.98,73.9,151.01,1771519121.615
400.68,4.02,3.0,74.44,151.5,1771519122.617
400.68,4.02,3.0,74.44,151.5,1771519122.617
400.68,4.02,3.0,74.44,151.5,1771519122.617
400.68,4.02,3.0,74.44,151.5,1771519122.617
400.68,4.02,3.0,74.44,151.5,1771519122.617
400.0,4.0,3.08,71.23,150.0,1771519123.617
400.0,4.0,3.08,71.23,150.0,1771519123.617
400.0,4.0,3.08,71.23,150.0,1771519123.617
400.0,4.0,3.08,71.23,150.0,1771519123.617
400.0,4.0,3.08,71.23,150.0,1771519123.617
400.0,4.0,3.06,68.34,150.0,1771519124.627
400.0,4.0,3.06,68.34,150.0,1771519124.627
400.0,4.0,3.06,68.34,150.0,1771519124.627
400.0,4.0,3.06,68.34,150.0,1771519124.627
407.59,4.0,3.04,65.73,151.52,1771519125.639
407.59,4.0,3.04,65.73,151.52,1771519125.639
407.59,4.0,3.04,65.73,151.52,1771519125.639
407.59,4.0,3.04,65.73,151.52,1771519125.639
407.59,4.0,3.04,65.73,151.52,1771519125.639
409.53,4.0,3.01,63.39,152.55,1771519126.654
409.53,4.0,3.01,63.39,152.55,1771519126.654
409.53,4.0,3.01,63.39,152.55,1771519126.654
409.53,4.0,3.01,63.39,152.55,1771519126.654
409.53,4.0,3.01,63.39,152.55,1771519126.654
400.0,4.0,3.02,61.28,150.0,1771519127.656
400.0,4.0,3.02,61.28,150.0,1771519127.656
400.0,4.0,3.02,61.28,150.0,1771519127.656
400.0,4.0,3.02,61.28,150.0,1771519127.656
400.0,4.03,3.08,59.38,151.7,1771519128.669
400.0,4.03,3.08,59.38,151.7,1771519128.669
400.0,4.03,3.08,59.38,151.7,1771519128.669
400.0,4.03,3.08,59.38,151.7,1771519128.669
400.0,4.03,3.08,59.38,151.7,1771519128.669
400.0,4.04,2.99,57.67,150.84,1771519129.67
400.0,4.04,2.99,57.67,150.84,1771519129.67
400.0,4.04,2.99,57.67,150.84,1771519129.67
400.0,4.04,2.99,57.67,150.84,1771519129.67
406.06,4.05,2.99,56.14,150.0,1771519130.681
406.06,4.05,2.99,56.14,150.0,1771519130.681
406.06,4.05,2.99,56.14,150.0,1771519130.681
406.06,4.05,2.99,56.14,150.0,1771519130.681
406.06,4.05,2.99,56.14,150.0,1771519130.681
400.82,4.0,3.0,54.75,151.25,1771519131.694
400.82,4.0,3.0,54.75,151.25,1771519131.694
400.82,4.0,3.0,54.75,151.25,1771519131.694
400.82,4.0,3.0,54.75,151.25,1771519131.694
400.82,4.0,3.0,54.75,151.25,1771519131.694
407.01,4.0,2.99,53.51,150.0,1771519132.706
407.01,4.0,2.99,53.51,150.0,1771519132.706
407.01,4.0,2.99,53.51,150.0,1771519132.706
407.01,4.0,2.99,53.51,150.0,1771519132.706
400.0,4.0,3.03,52.39,150.0,1771519133.718
400.0,4.0,3.03,52.39,150.0,1771519133.718
400.0,4.0,3.03,52.39,150.0,1771519133.718
400.0,4.0,3.03,52.39,150.0,1771519133.718
400.0,4.0,3.03,52.39,150.0,1771519133.718
400.0,4.0,3.01,51.02,150.0,1771519134.731
400.0,4.0,3.01,51.02,150.0,1771519134.731
400.0,4.0,3.01,51.02,150.0,1771519134.731
400.0,4.0,3.01,51.02,150.0,1771519134.731
400.0,4.0,3.01,51.02,150.0,1771519134.731
401.28,4.0,3.09,49.79,150.09,1771519135.746
401.28,4.0,3.09,49.79,150.09,1771519135.746
401.28,4.0,3.09,49.79,150.09,1771519135.746
401.28,4.0,3.09,49.79,150.09,1771519135.746
402.08,4.01,3.04,48.69,150.0,1771519136.76
402.08,4.01,3.04,48.69,150.0,1771519136.76
402.08,4.01,3.04,48.69,150.0,1771519136.76
402.08,4.01,3.04,48.69,150.0,1771519136.76
402.08,4.01,3.04,48.69,150.0,1771519136.76
400.0,4.0,3.0,47.69,150.0,1771519137.765
400.0,4.0,3.0,47.69,150.0,1771519137.765
400.0,4.0,3.0,47.69,150.0,1771519137.765
400.0,4.0,3.0,47.69,150.0,1771519137.765
400.0,4.0,3.0,47.69,150.0,1771519137.765
400.0,4.0,3.09,46.8,150.0,1771519138.769
400.0,4.0,3.09,46.8,150.0,1771519138.769
400.0,4.0,3.09,46.8,150.0,1771519138.769
400.0,4.0,3.09,46.8,150.0,1771519138.769
402.61,4.07,3.01,45.99,150.01,1771519139.771
402.61,4.07,3.01,45.99,150.01,1771519139.771
402.61,4.07,3.01,45.99,150.01,1771519139.771
402.61,4.07,3.01,45.99,150.01,1771519139.771
402.61,4.07,3.01,45.99,150.01,1771519139.771
404.33,4.0,2.98,45.27,150.0,1771519140.783
404.33,4.0,2.98,45.27,150.0,1771519140.783
404.33,4.0,2.98,45.27,150.0,1771519140.783
404.33,4.0,2.98,45.27,150.0,1771519140.783
404.33,4.0,2.98,45.27,150.0,1771519140.783
400.59,4.0,3.01,44.61,150.0,1771519141.794
400.59,4.0,3.01,44.61,150.0,1771519141.794
400.59,4.0,3.01,44.61,150.0,1771519141.794
400.59,4.0,3.01,44.61,150.0,1771519141.794
400.83,4.06,3.01,44.03,150.81,1771519142.807
400.83,4.06,3.01,44.03,150.81,1771519142.807
400.83,4.06,3.01,44.03,150.81,1771519142.807
400.83,4.06,3.01,44.03,150.81,1771519142.807
400.83,4.06,3.01,44.03,150.81,1771519142.807
402.11,4.05,3.0,43.5,151.43,1771519143.818
402.11,4.05,3.0,43.5,151.43,1771519143.818
402.11,4.05,3.0,43.5,151.43,1771519143.818
402.11,4.05,3.0,43.5,151.43,1771519143.818
402.11,4.05,3.0,43.5,151.43,1771519143.818
402.71,4.0,3.07,44.19,150.0,1771519144.819
402.71,4.0,3.07,44.19,150.0,1771519144.819
402.71,4.0,3.07,44.19,150.0,1771519144.819
402.71,4.0,3.07,44.19,150.0,1771519144.819
403.19,4.0,2.99,44.81,150.0,1771519145.827
403.19,4.0,2.99,44.81,150.0,1771519145.827
403.19,4.0,2.99,44.81,150.0,1771519145.827
403.19,4.0,2.99,44.81,150.0,1771519145.827
403.19,4.0,2.99,44.81,150.0,1771519145.827
400.0,4.07,2.98,45.37,150.85,1771519146.837
400.0,4.07,2.98,45.37,150.85,1771519146.837
400.0,4.07,2.98,45.37,150.85,1771519146.837
400.0,4.07,2.98,45.37,150.85,1771519146.837
400.0,4.07,2.98,45.37,150.85,1771519146.837
400.0,4.0,3.08,45.87,150.0,1771519147.849
400.0,4.0,3.08,45.87,150.0,1771519147.849
400.0,4.0,3.08,45.87,150.0,1771519147.849
400.0,4.0,3.08,45.87,150.0,1771519147.849
400.0,4.0,2.99,46.32,150.16,1771519148.864
400.0,4.0,2.99,46.32,150.16,1771519148.864
400.0,4.0,2.99,46.32,150.16,1771519148.864
400.0,4.0,2.99,46.32,150.16,1771519148.864
400.0,4.0,2.99,46.32,150.16,1771519148.864
400.0,4.0,3.07,46.73,150.65,1771519149.868
400.0,4.0,3.07,46.73,150.65,1771519149.868
400.0,4.0,3.07,46.73,150.65,1771519149.868
400.0,4.0,3.07,46.73,150.65,1771519149.868
400.0,4.0,3.07,46.73,150.65,1771519149.868
406.96,4.08,3.04,47.09,150.0,1771519150.871
406.96,4.08,3.04,47.09,150.0,1771519150.871
406.96,4.08,3.04,47.09,150.0,1771519150.871
406.96,4.08,3.04,47.09,150.0,1771519150.871
403.4,4.03,2.99,47.42,150.0,1771519151.876
403.4,4.03,2.99,47.42,150.0,1771519151.876
403.4,4.03,2.99,47.42,150.0,1771519151.876
403.4,4.03,2.99,47.42,150.0,1771519151.876
403.4,4.03,2.99,47.42,150.0,1771519151.876
406.84,4.0,3.03,47.72,150.0,1771519152.885
406.84,4.0,3.03,47.72,150.0,1771519152.885
406.84,4.0,3.03,47.72,150.0,1771519152.885
406.84,4.0,3.03,47.72,150.0,1771519152.885
406.84,4.0,3.03,47.72,150.0,1771519152.885
405.63,4.05,3.05,47.99,150.0,1771519153.897
405.63,4.05,3.05,47.99,150.0,1771519153.897
405.63,4.05,3.05,47.99,150.0,1771519153.897
405.63,4.05,3.05,47.99,150.0,1771519153.897
400.0,4.01,2.97,48.23,151.41,1771519154.91
400.0,4.01,2.97,48.23,151.41,1771519154.91
400.0,4.01,2.97,48.23,151.41,1771519154.91
400.0,4.01,2.97,48.23,151.41,1771519154.91
400.0,4.01,2.97,48.23,151.41,1771519154.91
400.0,4.07,3.02,46.5,150.0,1771519155.921
400.0,4.07,3.02,46.5,150.0,1771519155.921
400.0,4.07,3.02,46.5,150.0,1771519155.921
400.0,4.07,3.02,46.5,150.0,1771519155.921
400.0,4.07,3.02,46.5,150.0,1771519155.921
403.52,4.0,2.97,44.94,150.0,1771519156.924
403.52,4.0,2.97,44.94,150.0,1771519156.924
403.52,4.0,2.97,44.94,150.0,1771519156.924
403.52,4.0,2.97,44.94,150.0,1771519156.924
401.03,4.05,2.98,43.54,150.0,1771519157.935
401.03,4.05,2.98,43.54,150.0,1771519157.935
401.03,4.05,2.98,43.54,150.0,1771519157.935
401.03,4.05,2.98,43.54,150.0,1771519157.935
401.03,4.05,2.98,43.54,150.0,1771519157.935
400.0,4.0,3.06,42.28,150.0,1771519158.946
400.0,4.0,3.06,42.28,150.0,1771519158.946
400.0,4.0,3.06,42.28,150.0,1771519158.946
400.0,4.0,3.06,42.28,150.0,1771519158.946
400.0,4.0,3.06,42.28,150.0,1771519158.946
400.0,4.0,3.0,41.14,150.0,1771519159.951
400.0,4.0,3.0,41.14,150.0,1771519159.951
400.0,4.0,3.0,41.14,150.0,1771519159.951
400.0,4.0,3.0,41.14,150.0,1771519159.951
400.0,4.0,3.01,40.12,152.07,1771519160.965
400.0,4.0,3.01,40.12,152.07,1771519160.965
400.0,4.0,3.01,40.12,152.07,1771519160.965
400.0,4.0,3.01,40.12,152.07,1771519160.965
400.0,4.0,3.01,40.12,152.07,1771519160.965
404.16,4.0,2.98,39.2,150.0,1771519161.967
404.16,4.0,2.98,39.2,150.0,1771519161.967
404.16,4.0,2.98,39.2,150.0,1771519161.967
404.16,4.0,2.98,39.2,150.0,1771519161.967
403.06,4.0,2.98,38.38,150.0,1771519162.969
403.06,4.0,2.98,38.38,150.0,1771519162.969
403.06,4.0,2.98,38.38,150.0,1771519162.969
403.06,4.0,2.98,38.38,150.0,1771519162.969
403.06,4.0,2.98,38.38,150.0,1771519162.969
403.39,4.0,3.04,37.63,152.17,1771519163.978
403.39,4.0,3.04,37.63,152.17,1771519163.978
403.39,4.0,3.04,37.63,152.17,1771519163.978
403.39,4.0,3.04,37.63,152.17,1771519163.978
403.39,4.0,3.04,37.63,152.17,1771519163.978
403.13,4.08,3.07,36.96,151.47,1771519164.978
403.13,4.08,3.07,36.96,151.47,1771519164.978
403.13,4.08,3.07,36.96,151.47,1771519164.978
403.13,4.08,3.07,36.96,151.47,1771519164.978
406.26,4.01,3.03,36.36,152.85,1771519165.986
406.26,4.01,3.03,36.36,152.85,1771519165.986
406.26,4.01,3.03,36.36,152.85,1771519165.986
406.26,4.01,3.03,36.36,152.85,1771519165.986
406.26,4.01,3.03,36.36,152.85,1771519165.986
406.9,4.0,3.01,39.78,150.0,1771519166.996
406.9,4.0,3.01,39.78,150.0,1771519166.996
406.9,4.0,3.01,39.78,150.0,1771519166.996
406.9,4.0,3.01,39.78,150.0,1771519166.996
406.9,4.0,3.01,39.78,150.0,1771519166.996
400.0,4.02,3.06,42.86,150.0,1771519167.996
400.0,4.02,3.06,42.86,150.0,1771519167.996
400.0,4.02,3.06,42.86,150.0,1771519167.996
400.0,4.02,3.06,42.86,150.0,1771519167.996
400.0,4.03,2.98,45.63,150.0,1771519169.002
400.0,4.03,2.98,45.63,150.0,1771519169.002
400.0,4.03,2.98,45.63,150.0,1771519169.002
400.0,4.03,2.98,45.63,150.0,1771519169.002
400.0,4.03,2.98,45.63,150.0,1771519169.002
401.01,4.08,3.0,48.13,150.0,1771519170.014
401.01,4.08,3.0,48.13,150.0,1771519170.014
401.01,4.08,3.0,48.13,150.0,1771519170.014
401.01,4.08,3.0,48.13,150.0,1771519170.014
401.01,4.08,3.0,48.13,150.0,1771519170.014
400.0,4.07,3.03,50.37,150.0,1771519171.03
400.0,4.07,3.03,50.37,150.0,1771519171.03
400.0,4.07,3.03,50.37,150.0,1771519171.03
400.0,4.07,3.03,50.37,150.0,1771519171.03
404.33,4.0,3.05,52.39,150.85,1771519172.04
404.33,4.0,3.05,52.39,150.85,1771519172.04
404.33,4.0,3.05,52.39,150.85,1771519172.04
404.33,4.0,3.05,52.39,150.85,1771519172.04
404.33,4.0,3.05,52.39,150.85,1771519172.04
400.0,4.05,3.01,54.21,150.73,1771519173.06
400.0,4.05,3.01,54.21,150.73,1771519173.06
400.0,4.05,3.01,54.21,150.73,1771519173.06
400.0,4.05,3.01,54.21,150.73,1771519173.06
400.0,4.05,3.01,54.21,150.73,1771519173.06
405.24,4.04,3.04,55.85,150.0,1771519174.069
405.24,4.04,3.04,55.85,150.0,1771519174.069
405.24,4.04,3.04,55.85,150.0,1771519174.069
405.24,4.04,3.04,55.85,150.0,1771519174.069
404.22,4.05,2.96,57.32,150.0,1771519175.084
404.22,4.05,2.96,57.32,150.0,1771519175.084
404.22,4.05,2.96,57.32,150.0,1771519175.084
404.22,4.05,2.96,57.32,150.0,1771519175.084
404.22,4.05,2.96,57.32,150.0,1771519175.084
402.29,4.05,3.01,58.65,150.0,1771519176.094
402.29,4.05,3.01,58.65,150.0,1771519176.094
402.29,4.05,3.01,58.65,150.0,1771519176.094
402.29,4.05,3.01,58.65,150.0,1771519176.094
402.29,4.05,3.01,58.65,150.0,1771519176.094
400.0,4.0,3.02,60.75,150.0,1771519177.105
400.0,4.0,3.02,60.75,150.0,1771519177.105
400.0,4.0,3.02,60.75,150.0,1771519177.105
400.0,4.0,3.02,60.75,150.0,1771519177.105
405.83,4.0,2.99,62.64,150.0,1771519178.112
405.83,4.0,2.99,62.64,150.0,1771519178.112
405.83,4.0,2.99,62.64,150.0,1771519178.112
405.83,4.0,2.99,62.64,150.0,1771519178.112
405.83,4.0,2.99,62.64,150.0,1771519178.112
400.0,4.0,2.96,64.34,152.43,1771519179.128
400.0,4.0,2.96,64.34,152.43,1771519179.128
400.0,4.0,2.96,64.34,152.43,1771519179.128
400.0,4.0,2.96,64.34,152.43,1771519179.128
400.0,4.0,2.96,64.34,152.43,1771519179.128
400.0,4.02,2.96,65.87,152.27,1771519180.128
400.0,4.02,2.96,65.87,152.27,1771519180.128
400.0,4.02,2.96,65.87,152.27,1771519180.128
400.0,4.02,2.96,65.87,152.27,1771519180.128
405.31,4.0,2.98,67.25,150.0,1771519181.134
405.31,4.0,2.98,67.25,150.0,1771519181.134
405.31,4.0,2.98,67.25,150.0,1771519181.134
405.31,4.0,2.98,67.25,150.0,1771519181.134
405.31,4.0,2.98,67.25,150.0,1771519181.134
400.0,4.07,2.97,68.49,150.0,1771519182.143
400.0,4.07,2.97,68.49,150.0,1771519182.143
400.0,4.07,2.97,68.49,150.0,1771519182.143
400.0,4.07,2.97,68.49,150.0,1771519182.143
400.0,4.07,2.97,68.49,150.0,1771519182.143
400.0,4.04,2.95,69.61,151.69,1771519183.155
400.0,4.04,2.95,69.61,151.69,1771519183.155
400.0,4.04,2.95,69.61,151.69,1771519183.155
400.0,4.04,2.95,69.61,151.69,1771519183.155
406.03,4.0,3.04,70.61,150.0,1771519184.163
406.03,4.0,3.04,70.61,150.0,1771519184.163
406.03,4.0,3.04,70.61,150.0,1771519184.163
406.03,4.0,3.04,70.61,150.0,1771519184.163
406.03,4.0,3.04,70.61,150.0,1771519184.163
400.0,4.0,2.99,71.52,150.0,1771519185.166
400.0,4.0,2.99,71.52,150.0,1771519185.166
400.0,4.0,2.99,71.52,150.0,1771519185.166
400.0,4.0,2.99,71.52,150.0,1771519185.166
400.0,4.0,2.99,71.52,150.0,1771519185.166
400.0,4.0,3.01,72.33,152.75,1771519186.168
400.0,4.0,3.01,72.33,152.75,1771519186.168
400.0,4.0,3.01,72.33,152.75,1771519186.168
400.0,4.0,3.01,72.33,152.75,1771519186.168
400.0,4.06,2.99,73.07,150.0,1771519187.172
400.0,4.06,2.99,73.07,150.0,1771519187.172
400.0,4.06,2.99,73.07,150.0,1771519187.172
400.0,4.06,2.99,73.07,150.0,1771519187.172
400.0,4.06,2.99,73.07,150.0,1771519187.172
401.67,4.0,3.02,72.73,150.0,1771519188.184
401.67,4.0,3.02,72.73,150.0,1771519188.184
401.67,4.0,3.02,72.73,150.0,1771519188.184
401.67,4.0,3.02,72.73,150.0,1771519188.184
401.67,4.0,3.02,72.73,150.0,1771519188.184
400.0,4.08,3.03,72.43,150.0,1771519189.187
400.0,4.08,3.03,72.43,150.0,1771519189.187
400.0,4.08,3.03,72.43,150.0,1771519189.187
400.0,4.08,3.03,72.43,150.0,1771519189.187
402.15,4.04,2.96,72.16,151.1,1771519190.193
402.15,4.04,2.96,72.16,151.1,1771519190.193
402.15,4.04,2.96,72.16,151.1,1771519190.193
402.15,4.04,2.96,72.16,151.1,1771519190.193
402.15,4.04,2.96,72.16,151.1,1771519190.193
400.0,4.07,3.06,71.91,150.0,1771519191.205
400.0,4.07,3.06,71.91,150.0,1771519191.205
400.0,4.07,3.06,71.91,150.0,1771519191.205
400.0,4.07,3.06,71.91,150.0,1771519191.205
400.0,4.07,3.06,71.91,150.0,1771519191.205
407.04,4.06,2.99,71.69,150.76,1771519192.22
407.04,4.06,2.99,71.69,150.76,1771519192.22
407.04,4.06,2.99,71.69,150.76,1771519192.22
407.04,4.06,2.99,71.69,150.76,1771519192.22
400.0,4.0,3.01,71.49,150.37,1771519193.225
400.0,4.0,3.01,71.49,150.37,1771519193.225
400.0,4.0,3.01,71.49,150.37,1771519193.225
400.0,4.0,3.01,71.49,150.37,1771519193.225
400.0,4.0,3.01,71.49,150.37,1771519193.225
403.91,4.0,2.97,71.32,152.11,1771519194.232
403.91,4.0,2.97,71.32,152.11,1771519194.232
403.91,4.0,2.97,71.32,152.11,1771519194.232
403.91,4.0,2.97,71.32,152.11,1771519194.232
403.91,4.0,2.97,71.32,152.11,1771519194.232
400.0,4.06,2.96,71.15,150.0,1771519195.244
400.0,4.06,2.96,71.15,150.0,1771519195.244
400.0,4.06,2.96,71.15,150.0,1771519195.244
400.0,4.06,2.96,71.15,150.0,1771519195.244
400.0,4.0,3.04,71.01,150.0,1771519196.25
400.0,4.0,3.04,71.01,150.0,1771519196.25
400.0,4.0,3.04,71.01,150.0,1771519196.25
400.0,4.0,3.04,71.01,150.0,1771519196.25
400.0,4.0,3.04,71.01,150.0,1771519196.25
403.08,4.07,2.98,70.88,150.0,1771519197.265
403.08,4.07,2.98,70.88,150.0,1771519197.265
403.08,4.07,2.98,70.88,150.0,1771519197.265
403.08,4.07,2.98,70.88,150.0,1771519197.265
403.08,4.07,2.98,70.88,150.0,1771519197.265
400.0,4.0,2.96,70.76,150.73,1771519198.28
400.0,4.0,2.96,70.76,150.73,1771519198.28
400.0,4.0,2.96,70.76,150.73,1771519198.28
400.0,4.0,2.96,70.76,150.73,1771519198.28
400.0,4.0,3.04,69.69,150.0,1771519199.284
400.0,4.0,3.04,69.69,150.0,1771519199.284
400.0,4.0,3.04,69.69,150.0,1771519199.284
400.0,4.0,3.04,69.69,150.0,1771519199.284
400.0,4.0,3.04,69.69,150.0,1771519199.284
402.98,4.0,3.0,68.73,151.13,1771519200.295
402.98,4.0,3.0,68.73,151.13,1771519200.295
402.98,4.0,3.0,68.73,151.13,1771519200.295
402.98,4.0,3.0,68.73,151.13,1771519200.295
402.98,4.0,3.0,68.73,151.13,1771519200.295
400.0,4.03,2.96,67.86,150.0,1771519201.311
400.0,4.03,2.96,67.86,150.0,1771519201.311
400.0,4.03,2.96,67.86,150.0,1771519201.311
400.0,4.03,2.96,67.86,150.0,1771519201.311
407.4,4.0,3.01,67.08,150.0,1771519202.326
407.4,4.0,3.01,67.08,150.0,1771519202.326
407.4,4.0,3.01,67.08,150.0,1771519202.326
407.4,4.0,3.01,67.08,150.0,1771519202.326
407.4,4.0,3.01,67.08,150.0,1771519202.326
400.0,4.07,3.04,66.38,150.99,1771519203.337
400.0,4.07,3.04,66.38,150.99,1771519203.337
400.0,4.07,3.04,66.38,150.99,1771519203.337
400.0,4.07,3.04,66.38,150.99,1771519203.337
400.0,4.07,3.04,66.38,150.99,1771519203.337
400.0,4.02,2.99,65.75,151.95,1771519204.353
400.0,4.02,2.99,65.75,151.95,1771519204.353
400.0,4.02,2.99,65.75,151.95,1771519204.353
400.0,4.02,2.99,65.75,151.95,1771519204.353
400.0,4.0,2.99,65.18,150.0,1771519205.354
400.0,4.0,2.99,65.18,150.0,1771519205.354
400.0,4.0,2.99,65.18,150.0,1771519205.354
400.0,4.0,2.99,65.18,150.0,1771519205.354
400.0,4.0,2.99,65.18,150.0,1771519205.354
406.29,4.0,2.97,64.67,150.0,1771519206.365
406.29,4.0,2.97,64.67,150.0,1771519206.365
406.29,4.0,2.97,64.67,150.0,1771519206.365
406.29,4.0,2.97,64.67,150.0,1771519206.365
406.29,4.0,2.97,64.67,150.0,1771519206.365
401.24,4.08,3.03,64.21,150.0,1771519207.374
401.24,4.08,3.03,64.21,150.0,1771519207.374
401.24,4.08,3.03,64.21,150.0,1771519207.374
401.24,4.08,3.03,64.21,150.0,1771519207.374
400.0,4.0,3.02,63.79,151.6,1771519208.389
400.0,4.0,3.02,63.79,151.6,1771519208.389
400.0,4.0,3.02,63.79,151.6,1771519208.389
400.0,4.0,3.02,63.79,151.6,1771519208.389
400.0,4.0,3.02,63.79,151.6,1771519208.389
404.87,4.04,3.0,63.42,150.0,1771519209.404
404.87,4.04,3.0,63.42,150.0,1771519209.404
404.87,4.04,3.0,63.42,150.0,1771519209.404
404.87,4.04,3.0,63.42,150.0,1771519209.404
404.87,4.04,3.0,63.42,150.0,1771519209.404
402.9,4.0,2.94,60.08,152.76,1771519210.416
402.9,4.0,2.94,60.08,152.76,1771519210.416
402.9,4.0,2.94,60.08,152.76,1771519210.416
402.9,4.0,2.94,60.08,152.76,1771519210.416
400.0,4.0,2.95,57.07,152.38,1771519211.425
400.0,4.0,2.95,57.07,152.38,1771519211.425
400.0,4.0,2.95,57.07,152.38,1771519211.425
400.0,4.0,2.95,57.07,152.38,1771519211.425
400.0,4.0,2.95,57.07,152.38,1771519211.425
400.0,4.0,2.97,54.37,152.46,1771519212.435
400.0,4.0,2.97,54.37,152.46,1771519212.435
400.0,4.0,2.97,54.37,152.46,1771519212.435
400.0,4.0,2.97,54.37,152.46,1771519212.435
400.0,4.0,2.97,54.37,152.46,1771519212.435
400.0,4.06,3.03,51.94,151.43,1771519213.446
400.0,4.06,3.03,51.94,151.43,1771519213.446
400.0,4.06,3.03,51.94,151.43,1771519213.446
400.0,4.06,3.03,51.94,151.43,1771519213.446
400.0,4.04,2.94,49.75,152.75,1771519214.461
400.0,4.04,2.94,49.75,152.75,1771519214.461
400.0,4.04,2.94,49.75,152.75,1771519214.461
400.0,4.04,2.94,49.75,152.75,1771519214.461
400.0,4.04,2.94,49.75,152.75,1771519214.461
406.15,4.0,2.99,47.77,150.0,1771519215.477
406.15,4.0,2.99,47.77,150.0,1771519215.477
406.15,4.0,2.99,47.77,150.0,1771519215.477
406.15,4.0,2.99,47.77,150.0,1771519215.477
406.15,4.0,2.99,47.77,150.0,1771519215.477
400.0,4.07,2.94,46.0,150.0,1771519216.479
400.0,4.07,2.94,46.0,150.0,1771519216.479
400.0,4.07,2.94,46.0,150.0,1771519216.479
400.0,4.07,2.94,46.0,150.0,1771519216.479
407.38,4.01,3.01,44.4,150.0,1771519217.484
407.38,4.01,3.01,44.4,150.0,1771519217.484
407.38,4.01,3.01,44.4,150.0,1771519217.484
407.38,4.01,3.01,44.4,150.0,1771519217.484
407.38,4.01,3.01,44.4,150.0,1771519217.484
400.0,4.0,3.0,42.97,150.86,1771519218.493
400.0,4.0,3.0,42.97,150.86,1771519218.493
400.0,4.0,3.0,42.97,150.86,1771519218.493
400.0,4.0,3.0,42.97,150.86,1771519218.493
400.0,4.0,3.0,42.97,150.86,1771519218.493
400.0,4.01,3.0,41.67,150.0,1771519219.504
400.0,4.01,3.0,41.67,150.0,1771519219.504
400.0,4.01,3.0,41.67,150.0,1771519219.504
400.0,4.01,3.0,41.67,150.0,1771519219.504
400.0,4.05,2.93,43.79,150.0,1771519220.521
400.0,4.05,2.93,43.79,150.0,1771519220.521
400.0,4.05,2.93,43.79,150.0,1771519220.521
400.0,4.05,2.93,43.79,150.0,1771519220.521
400.0,4.05,2.93,43.79,150.0,1771519220.521
409.32,4.0,3.01,45.7,150.0,1771519221.53
409.32,4.0,3.01,45.7,150.0,1771519221.53
409.32,4.0,3.01,45.7,150.0,1771519221.53
409.32,4.0,3.01,45.7,150.0,1771519221.53
409.32,4.0,3.01,45.7,150.0,1771519221.53
400.0,4.0,2.97,47.41,150.97,1771519222.542
400.0,4.0,2.97,47.41,150.97,1771519222.542
400.0,4.0,2.97,47.41,150.97,1771519222.542
400.0,4.0,2.97,47.41,150.97,1771519222.542
400.0,4.0,3.0,48.96,150.0,1771519223.553
400.0,4.0,3.0,48.96,150.0,1771519223.553
400.0,4.0,3.0,48.96,150.0,1771519223.553
400.0,4.0,3.0,48.96,150.0,1771519223.553
400.0,4.0,3.0,48.96,150.0,1771519223.553
400.0,4.0,2.95,50.35,150.0,1771519224.561
400.0,4.0,2.95,50.35,150.0,1771519224.561
400.0,4.0,2.95,50.35,150.0,1771519224.561
400.0,4.0,2.95,50.35,150.0,1771519224.561
400.0,4.0,2.95,50.35,150.0,1771519224.561
401.42,4.03,2.97,51.6,151.45,1771519225.573
401.42,4.03,2.97,51.6,151.45,1771519225.573
401.42,4.03,2.97,51.6,151.45,1771519225.573
401.42,4.03,2.97,51.6,151.45,1771519225.573
401.74,4.0,3.02,52.73,150.0,1771519226.588
401.74,4.0,3.02,52.73,150.0,1771519226.588
401.74,4.0,3.02,52.73,150.0,1771519226.588
401.74,4.0,3.02,52.73,150.0,1771519226.588
401.74,4.0,3.02,52.73,150.0,1771519226.588
407.32,4.0,2.97,53.74,151.75,1771519227.595
407.32,4.0,2.97,53.74,151.75,1771519227.595
407.32,4.0,2.97,53.74,151.75,1771519227.595
407.32,4.0,2.97,53.74,151.75,1771519227.595
407.32,4.0,2.97,53.74,151.75,1771519227.595
400.0,4.06,2.99,54.65,150.0,1771519228.603
400.0,4.06,2.99,54.65,150.0,1771519228.603
400.0,4.06,2.99,54.65,150.0,1771519228.603
400.0,4.06,2.99,54.65,150.0,1771519228.603
400.05,4.05,3.06,55.47,150.99,1771519229.613
400.05,4.05,3.06,55.47,150.99,1771519229.613
400.05,4.05,3.06,55.47,150.99,1771519229.613
400.05,4.05,3.06,55.47,150.99,1771519229.613
400.05,4.05,3.06,55.47,150.99,1771519229.613
407.59,4.0,2.99,56.21,150.0,1771519230.62
407.59,4.0,2.99,56.21,150.0,1771519230.62
407.59,4.0,2.99,56.21,150.0,1771519230.62
407.59,4.0,2.99,56.21,150.0,1771519230.62
407.59,4.0,2.99,56.21,150.0,1771519230.62
400.0,4.0,3.04,58.38,150.0,1771519231.63
400.0,4.0,3.04,58.38,150.0,1771519231.63
400.0,4.0,3.04,58.38,150.0,1771519231.63
400.0,4.0,3.04,58.38,150.0,1771519231.63
400.0,4.0,3.02,60.33,152.51,1771519232.649
400.0,4.0,3.02,60.33,152.51,1771519232.649
400.0,4.0,3.02,60.33,152.51,1771519232.649
400.0,4.0,3.02,60.33,152.51,1771519232.649
400.0,4.0,3.02,60.33,152.51,1771519232.649
401.07,4.0,3.06,62.09,151.79,1771519233.671
401.07,4.0,3.06,62.09,151.79,1771519233.671
401.07,4.0,3.06,62.09,151.79,1771519233.671
401.07,4.0,3.06,62.09,151.79,1771519233.671
401.07,4.0,3.06,62.09,151.79,1771519233.671
400.0,4.0,2.97,63.67,152.86,1771519234.684
400.0,4.0,2.97,63.67,152.86,1771519234.684
400.0,4.0,2.97,63.67,152.86,1771519234.684
400.0,4.0,2.97,63.67,152.86,1771519234.684
400.0,4.0,2.97,63.67,152.86,1771519234.684
400.0,4.03,2.97,65.09,150.0,1771519235.69
400.0,4.03,2.97,65.09,150.0,1771519235.69
400.0,4.03,2.97,65.09,150.0,1771519235.69
400.0,4.03,2.97,65.09,150.0,1771519235.69
400.33,4.0,3.0,66.37,150.03,1771519236.702
400.33,4.0,3.0,66.37,150.03,1771519236.702
400.33,4.0,3.0,66.37,150.03,1771519236.702
400.33,4.0,3.0,66.37,150.03,1771519236.702
400.33,4.0,3.0,66.37,150.03,1771519236.702
400.0,4.0,2.96,67.52,150.0,1771519237.709
400.0,4.0,2.96,67.52,150.0,1771519237.709
400.0,4.0,2.96,67.52,150.0,1771519237.709
400.0,4.0,2.96,67.52,150.0,1771519237.709
405.94,4.0,3.0,68.56,150.0,1771519238.722
405.94,4.0,3.0,68.56,150.0,1771519238.722
405.94,4.0,3.0,68.56,150.0,1771519238.722
405.94,4.0,3.0,68.56,150.0,1771519238.722
405.94,4.0,3.0,68.56,150.0,1771519238.722
402.47,4.0,3.02,69.49,151.89,1771519239.731
402.47,4.0,3.02,69.49,151.89,1771519239.731
402.47,4.0,3.02,69.49,151.89,1771519239.731
402.47,4.0,3.02,69.49,151.89,1771519239.731
402.47,4.0,3.02,69.49,151.89,1771519239.731
400.0,4.07,3.05,70.33,150.0,1771519240.74
400.0,4.07,3.05,70.33,150.0,1771519240.74
400.0,4.07,3.05,70.33,150.0,1771519240.74
400.0,4.07,3.05,70.33,150.0,1771519240.74
400.0,4.0,3.01,71.09,150.0,1771519241.75
400.0,4.0,3.01,71.09,150.0,1771519241.75
400.0,4.0,3.01,71.09,150.0,1771519241.75
400.0,4.0,3.01,71.09,150.0,1771519241.75
400.0,4.0,3.01,71.09,150.0,1771519241.75
400.58,4.06,3.03,69.49,151.38,1771519242.755
400.58,4.06,3.03,69.49,151.38,1771519242.755
400.58,4.06,3.03,69.49,151.38,1771519242.755
400.58,4.06,3.03,69.49,151.38,1771519242.755
400.58,4.06,3.03,69.49,151.38,1771519242.755
400.0,4.0,2.98,68.06,150.0,1771519243.769
400.0,4.0,2.98,68.06,150.0,1771519243.769
400.0,4.0,2.98,68.06,150.0,1771519243.769
400.0,4.0,2.98,68.06,150.0,1771519243.769
404.46,4.04,2.97,66.76,150.0,1771519244.782
404.46,4.04,2.97,66.76,150.0,1771519244.782
404.46,4.04,2.97,66.76,150.0,1771519244.782
404.46,4.04,2.97,66.76,150.0,1771519244.782
404.46,4.04,2.97,66.76,150.0,1771519244.782
400.0,4.0,3.03,65.6,151.89,1771519245.789
400.0,4.0,3.03,65.6,151.89,1771519245.789
400.0,4.0,3.03,65.6,151.89,1771519245.789
400.0,4.0,3.03,65.6,151.89,1771519245.789
400.0,4.0,3.03,65.6,151.89,1771519245.789
400.0,4.0,2.96,64.55,152.71,1771519246.799
400.0,4.0,2.96,64.55,152.71,1771519246.799
400.0,4.0,2.96,64.55,152.71,1771519246.799
400.0,4.0,2.96,64.55,152.71,1771519246.799
400.0,4.0,2.98,63.61,152.62,1771519247.811
400.0,4.0,2.98,63.61,152.62,1771519247.811
400.0,4.0,2.98,63.61,152.62,1771519247.811
400.0,4.0,2.98,63.61,152.62,1771519247.811
400.0,4.0,2.98,63.61,152.62,1771519247.811
401.13,4.0,3.03,62.76,151.55,1771519248.822
401.13,4.0,3.03,62.76,151.55,1771519248.822
401.13,4.0,3.03,62.76,151.55,1771519248.822
401.13,4.0,3.03,62.76,151.55,1771519248.822
405.65,4.07,2.98,62.0,150.0,1771519249.83
405.65,4.07,2.98,62.0,150.0,1771519249.83
405.65,4.07,2.98,62.0,150.0,1771519249.83
405.65,4.07,2.98,62.0,150.0,1771519249.83
405.65,4.07,2.98,62.0,150.0,1771519249.83
400.0,4.0,3.06,61.31,151.94,1771519250.841
400.0,4.0,3.06,61.31,151.94,1771519250.841
400.0,4.0,3.06,61.31,151.94,1771519250.841
400.0,4.0,3.06,61.31,151.94,1771519250.841
400.0,4.0,3.06,61.31,151.94,1771519250.841
405.82,4.0,3.03,60.69,150.38,1771519251.852
405.82,4.0,3.03,60.69,150.38,1771519251.852
405.82,4.0,3.03,60.69,150.38,1771519251.852
405.82,4.0,3.03,60.69,150.38,1771519251.852
400.0,4.0,3.0,60.14,151.47,1771519252.866
400.0,4.0,3.0,60.14,151.47,1771519252.866
400.0,4.0,3.0,60.14,151.47,1771519252.866
400.0,4.0,3.0,60.14,151.47,1771519252.866
400.0,4.0,3.0,60.14,151.47,1771519252.866
400.0,4.0,3.06,61.27,150.0,1771519253.871
400.0,4.0,3.06,61.27,150.0,1771519253.871
400.0,4.0,3.06,61.27,150.0,1771519253.871
400.0,4.0,3.06,61.27,150.0,1771519253.871
400.0,4.0,3.06,61.27,150.0,1771519253.871
400.0,4.0,2.99,62.28,150.0,1771519254.879
400.0,4.0,2.99,62.28,150.0,1771519254.879
400.0,4.0,2.99,62.28,150.0,1771519254.879
400.0,4.0,2.99,62.28,150.0,1771519254.879
400.0,4.07,2.96,63.2,150.7,1771519255.887
400.0,4.07,2.96,63.2,150.7,1771519255.887
400.0,4.07,2.96,63.2,150.7,1771519255.887
400.0,4.07,2.96,63.2,150.7,1771519255.887
400.0,4.07,2.96,63.2,150.7,1771519255.887
405.16,4.0,2.97,64.02,152.15,1771519256.896
405.16,4.0,2.97,64.02,152.15,1771519256.896
405.16,4.0,2.97,64.02,152.15,1771519256.896
405.16,4.0,2.97,64.02,152.15,1771519256.896
405.16,4.0,2.97,64.02,152.15,1771519256.896
407.14,4.01,2.96,64.76,152.47,1771519257.912
407.14,4.01,2.96,64.76,152.47,1771519257.912
407.14,4.01,2.96,64.76,152.47,1771519257.912
407.14,4.01,2.96,64.76,152.47,1771519257.912
400.0,4.0,3.05,65.42,151.44,1771519258.926
400.0,4.0,3.05,65.42,151.44,1771519258.926
400.0,4.0,3.05,65.42,151.44,1771519258.926
400.0,4.0,3.05,65.42,151.44,1771519258.926
400.0,4.0,3.05,65.42,151.44,1771519258.926
400.0,4.0,2.98,66.02,150.54,1771519259.937
400.0,4.0,2.98,66.02,150.54,1771519259.937
400.0,4.0,2.98,66.02,150.54,1771519259.937
400.0,4.0,2.98,66.02,150.54,1771519259.937
400.0,4.0,2.98,66.02,150.54,1771519259.937
400.0,4.06,3.02,66.56,150.33,1771519260.937
400.0,4.06,3.02,66.56,150.33,1771519260.937
400.0,4.06,3.02,66.56,150.33,1771519260.937
400.0,4.06,3.02,66.56,150.33,1771519260.937
403.8,4.03,3.02,67.05,150.0,1771519261.947
403.8,4.03,3.02,67.05,150.0,1771519261.947
403.8,4.03,3.02,67.05,150.0,1771519261.947
403.8,4.03,3.02,67.05,150.0,1771519261.947
403.8,4.03,3.02,67.05,150.0,1771519261.947
403.97,4.05,2.97,67.49,151.13,1771519262.96
403.97,4.05,2.97,67.49,151.13,1771519262.96
403.97,4.05,2.97,67.49,151.13,1771519262.96
403.97,4.05,2.97,67.49,151.13,1771519262.96
400.0,4.04,3.02,68.51,150.0,1771519263.961
400.0,4.04,3.02,68.51,150.0,1771519263.961
400.0,4.04,3.02,68.51,150.0,1771519263.961
400.0,4.04,3.02,68.51,150.0,1771519263.961
400.0,4.04,3.02,68.51,150.0,1771519263.961
400.0,4.01,2.99,69.42,152.08,1771519264.971
400.0,4.01,2.99,69.42,152.08,1771519264.971
400.0,4.01,2.99,69.42,152.08,1771519264.971
400.0,4.01,2.99,69.42,152.08,1771519264.971
400.0,4.01,2.99,69.42,152.08,1771519264.971
407.6,4.0,2.98,70.25,150.0,1771519265.98
407.6,4.0,2.98,70.25,150.0,1771519265.98
407.6,4.0,2.98,70.25,150.0,1771519265.98
407.6,4.0,2.98,70.25,150.0,1771519265.98
400.0,4.03,3.04,70.99,151.05,1771519266.993
400.0,4.03,3.04,70.99,151.05,1771519266.993
400.0,4.03,3.04,70.99,151.05,1771519266.993
400.0,4.03,3.04,70.99,151.05,1771519266.993
400.0,4.03,3.04,70.99,151.05,1771519266.993
400.0,4.0,3.07,71.66,150.9,1771519268.006
400.0,4.0,3.07,71.66,150.9,1771519268.006
400.0,4.0,3.07,71.66,150.9,1771519268.006
400.0,4.0,3.07,71.66,150.9,1771519268.006
400.0,4.0,3.07,71.66,150.9,1771519268.006
405.57,4.05,2.99,72.26,150.0,1771519269.02
405.57,4.05,2.99,72.26,150.0,1771519269.02
405.57,4.05,2.99,72.26,150.0,1771519269.02
405.57,4.05,2.99,72.26,150.0,1771519269.02
405.88,4.0,3.0,72.8,150.74,1771519270.036
405.88,4.0,3.0,72.8,150.74,1771519270.036
405.88,4.0,3.0,72.8,150.74,1771519270.036
405.88,4.0,3.0,72.8,150.74,1771519270.036
405.88,4.0,3.0,72.8,150.74,1771519270.036
402.2,4.0,2.99,73.29,151.03,1771519271.048
402.2,4.0,2.99,73.29,151.03,1771519271.048
402.2,4.0,2.99,73.29,151.03,1771519271.048
402.2,4.0,2.99,73.29,151.03,1771519271.048
402.2,4.0,2.99,73.29,151.03,1771519271.048
403.93,4.0,2.95,73.73,152.83,1771519272.061
403.93,4.0,2.95,73.73,152.83,1771519272.061
403.93,4.0,2.95,73.73,152.83,1771519272.061
403.93,4.0,2.95,73.73,152.83,1771519272.061
405.88,4.0,3.03,74.13,151.92,1771519273.076
405.88,4.0,3.03,74.13,151.92,1771519273.076
405.88,4.0,3.03,74.13,151.92,1771519273.076
405.88,4.0,3.03,74.13,151.92,1771519273.076
405.88,4.0,3.03,74.13,151.92,1771519273.076
400.25,4.0,2.94,74.48,151.73,1771519274.078
400.25,4.0,2.94,74.48,151.73,1771519274.078
400.25,4.0,2.94,74.48,151.73,1771519274.078
400.25,4.0,2.94,74.48,151.73,1771519274.078
400.25,4.0,2.94,74.48,151.73,1771519274.078
403.39,4.06,2.95,70.4,150.0,1771519275.092
403.39,4.06,2.95,70.4,150.0,1771519275.092
403.39,4.06,2.95,70.4,150.0,1771519275.092
403.39,4.06,2.95,70.4,150.0,1771519275.092
400.0,4.0,3.03,66.73,150.0,1771519276.106
400.0,4.0,3.03,66.73,150.0,1771519276.106
400.0,4.0,3.03,66.73,150.0,1771519276.106
400.0,4.0,3.03,66.73,150.0,1771519276.106
400.0,4.0,3.03,66.73,150.0,1771519276.106
401.94,4.05,2.97,63.43,150.31,1771519277.12
401.94,4.05,2.97,63.43,150.31,1771519277.12
401.94,4.05,2.97,63.43,150.31,1771519277.12
401.94,4.05,2.97,63.43,150.31,1771519277.12
401.94,4.05,2.97,63.43,150.31,1771519277.12
406.81,4.0,3.03,60.46,152.89,1771519278.133
406.81,4.0,3.03,60.46,152.89,1771519278.133
406.81,4.0,3.03,60.46,152.89,1771519278.133
406.81,4.0,3.03,60.46,152.89,1771519278.133
400.0,4.06,2.95,57.78,152.52,1771519279.145
400.0,4.06,2.95,57.78,152.52,1771519279.145
400.0,4.06,2.95,57.78,152.52,1771519279.145
400.0,4.06,2.95,57.78,152.52,1771519279.145
400.0,4.06,2.95,57.78,152.52,1771519279.145
400.0,4.04,3.03,55.38,150.0,1771519280.159
400.0,4.04,3.03,55.38,150.0,1771519280.159
400.0,4.04,3.03,55.38,150.0,1771519280.159
400.0,4.04,3.03,55.38,150.0,1771519280.159
400.0,4.04,3.03,55.38,150.0,1771519280.159
400.0,4.0,3.01,53.21,150.34,1771519281.17
400.0,4.0,3.01,53.21,150.34,1771519281.17
400.0,4.0,3.01,53.21,150.34,1771519281.17
400.0,4.0,3.01,53.21,150.34,1771519281.17
400.0,4.01,2.95,51.26,150.75,1771519282.184
400.0,4.01,2.95,51.26,150.75,1771519282.184
400.0,4.01,2.95,51.26,150.75,1771519282.184
400.0,4.01,2.95,51.26,150.75,1771519282.184
400.0,4.01,2.95,51.26,150.75,1771519282.184
400.0,4.07,2.94,49.51,150.61,1771519283.186
400.0,4.07,2.94,49.51,150.61,1771519283.186
400.0,4.07,2.94,49.51,150.61,1771519283.186
400.0,4.07,2.94,49.51,150.61,1771519283.186
400.0,4.07,2.94,49.51,150.61,1771519283.186
400.0,4.0,2.99,47.93,150.0,1771519284.197
400.0,4.0,2.99,47.93,150.0,1771519284.197
400.0,4.0,2.99,47.93,150.0,1771519284.197
400.0,4.0,2.99,47.93,150.0,1771519284.197
404.19,4.06,2.97,46.5,150.0,1771519285.21
404.19,4.06,2.97,46.5,150.0,1771519285.21
404.19,4.06,2.97,46.5,150.0,1771519285.21
404.19,4.06,2.97,46.5,150.0,1771519285.21
404.19,4.06,2.97,46.5,150.0,1771519285.21
400.61,4.0,3.01,44.86,150.11,1771519286.212
400.61,4.0,3.01,44.86,150.11,1771519286.212
400.61,4.0,3.01,44.86,150.11,1771519286.212
400.61,4.0,3.01,44.86,150.11,1771519286.212
400.61,4.0,3.01,44.86,150.11,1771519286.212
400.0,4.0,3.03,43.38,150.0,1771519287.214
400.0,4.0,3.03,43.38,150.0,1771519287.214
400.0,4.0,3.03,43.38,150.0,1771519287.214
400.0,4.0,3.03,43.38,150.0,1771519287.214
405.94,4.03,2.98,42.05,151.23,1771519288.221
405.94,4.03,2.98,42.05,151.23,1771519288.221
405.94,4.03,2.98,42.05,151.23,1771519288.221
405.94,4.03,2.98,42.05,151.23,1771519288.221
405.94,4.03,2.98,42.05,151.23,1771519288.221
400.0,4.0,2.92,40.86,152.31,1771519289.231
400.0,4.0,2.92,40.86,152.31,1771519289.231
400.0,4.0,2.92,40.86,152.31,1771519289.231
400.0,4.0,2.92,40.86,152.31,1771519289.231
400.0,4.03,3.02,39.78,150.0,1771519290.233
400.0,4.03,3.02,39.78,150.0,1771519290.233
400.0,4.03,3.02,39.78,150.0,1771519290.233
400.0,4.03,3.02,39.78,150.0,1771519290.233
400.0,4.03,3.02,39.78,150.0,1771519290.233
400.0,4.06,2.93,38.81,150.46,1771519291.234
400.0,4.06,2.93,38.81,150.46,1771519291.234
400.0,4.06,2.93,38.81,150.46,1771519291.234
400.0,4.06,2.93,38.81,150.46,1771519291.234
400.0,4.06,2.93,38.81,150.46,1771519291.234
401.86,4.01,3.01,37.94,152.72,1771519292.246
401.86,4.01,3.01,37.94,152.72,1771519292.246
401.86,4.01,3.01,37.94,152.72,1771519292.246
401.86,4.01,3.01,37.94,152.72,1771519292.246
407.3,4.0,2.94,37.15,150.0,1771519293.259
407.3,4.0,2.94,37.15,150.0,1771519293.259
407.3,4.0,2.94,37.15,150.0,1771519293.259
407.3,4.0,2.94,37.15,150.0,1771519293.259
407.3,4.0,2.94,37.15,150.0,1771519293.259
402.65,4.02,2.97,36.44,150.0,1771519294.27
402.65,4.02,2.97,36.44,150.0,1771519294.27
402.65,4.02,2.97,36.44,150.0,1771519294.27
402.65,4.02,2.97,36.44,150.0,1771519294.27
402.65,4.02,2.97,36.44,150.0,1771519294.27
400.0,4.0,2.96,35.81,150.0,1771519295.27
400.0,4.0,2.96,35.81,150.0,1771519295.27
400.0,4.0,2.96,35.81,150.0,1771519295.27
400.0,4.0,2.96,35.81,150.0,1771519295.27
400.54,4.03,2.92,35.23,152.91,1771519296.282
400.54,4.03,2.92,35.23,152.91,1771519296.282
400.54,4.03,2.92,35.23,152.91,1771519296.282
400.54,4.03,2.92,35.23,152.91,1771519296.282
400.54,4.03,2.92,35.23,152.91,1771519296.282
400.0,4.0,2.96,36.52,150.96,1771519297.286
400.0,4.0,2.96,36.52,150.96,1771519297.286
400.0,4.0,2.96,36.52,150.96,1771519297.286
400.0,4.0,2.96,36.52,150.96,1771519297.286
400.05,4.0,2.96,37.67,151.86,1771519298.296
400.05,4.0,2.96,37.67,151.86,1771519298.296
400.05,4.0,2.96,37.67,151.86,1771519298.296
400.05,4.0,2.96,37.67,151.86,1771519298.296
400.05,4.0,2.96,37.67,151.86,1771519298.296
405.58,4.0,2.98,38.72,151.43,1771519299.307
405.58,4.0,2.98,38.72,151.43,1771519299.307
405.58,4.0,2.98,38.72,151.43,1771519299.307
405.58,4.0,2.98,38.72,151.43,1771519299.307
405.58,4.0,2.98,38.72,151.43,1771519299.307
400.0,4.0,2.92,39.65,150.53,1771519300.324
400.0,4.0,2.92,39.65,150.53,1771519300.324
400.0,4.0,2.92,39.65,150.53,1771519300.324
400.0,4.0,2.92,39.65,150.53,1771519300.324
400.0,4.03,3.02,40.49,151.03,1771519301.332
400.0,4.03,3.02,40.49,151.03,1771519301.332
400.0,4.03,3.02,40.49,151.03,1771519301.332
400.0,4.03,3.02,40.49,151.03,1771519301.332
400.0,4.03,3.02,40.49,151.03,1771519301.332
400.0,4.0,2.92,41.25,152.63,1771519302.345
400.0,4.0,2.92,41.25,152.63,1771519302.345
400.0,4.0,2.92,41.25,152.63,1771519302.345
400.0,4.0,2.92,41.25,152.63,1771519302.345
400.0,4.0,2.92,41.25,152.63,1771519302.345
406.34,4.0,3.03,41.94,150.0,1771519303.356
406.34,4.0,3.03,41.94,150.0,1771519303.356
406.34,4.0,3.03,41.94,150.0,1771519303.356
406.34,4.0,3.03,41.94,150.0,1771519303.356
406.37,4.0,2.94,42.55,150.0,1771519304.369
406.37,4.0,2.94,42.55,150.0,1771519304.369
406.37,4.0,2.94,42.55,150.0,1771519304.369
406.37,4.0,2.94,42.55,150.0,1771519304.369
406.37,4.0,2.94,42.55,150.0,1771519304.369
400.0,4.04,2.96,43.1,152.57,1771519305.385
400.0,4.04,2.96,43.1,152.57,1771519305.385
400.0,4.04,2.96,43.1,152.57,1771519305.385
400.0,4.04,2.96,43.1,152.57,1771519305.385
400.0,4.04,2.96,43.1,152.57,1771519305.385
407.09,4.04,2.93,43.6,150.57,1771519306.399
407.09,4.04,2.93,43.6,150.57,1771519306.399
407.09,4.04,2.93,43.6,150.57,1771519306.399
407.09,4.04,2.93,43.6,150.57,1771519306.399
400.0,4.02,3.04,43.45,150.0,1771519307.41
400.0,4.02,3.04,43.45,150.0,1771519307.41
400.0,4.02,3.04,43.45,150.0,1771519307.41
400.0,4.02,3.04,43.45,150.0,1771519307.41
400.0,4.02,3.04,43.45,150.0,1771519307.41
400.32,4.0,2.99,43.32,152.51,1771519308.425
400.32,4.0,2.99,43.32,152.51,1771519308.425
400.32,4.0,2.99,43.32,152.51,1771519308.425
400.32,4.0,2.99,43.32,152.51,1771519308.425
400.32,4.0,2.99,43.32,152.51,1771519308.425
403.87,4.0,2.93,43.2,150.0,1771519309.425
403.87,4.0,2.93,43.2,150.0,1771519309.425
403.87,4.0,2.93,43.2,150.0,1771519309.425
403.87,4.0,2.93,43.2,150.0,1771519309.425
404.38,4.05,3.02,43.09,150.59,1771519310.436
404.38,4.05,3.02,43.09,150.59,1771519310.436
404.38,4.05,3.02,43.09,150.59,1771519310.436
404.38,4.05,3.02,43.09,150.59,1771519310.436
404.38,4.05,3.02,43.09,150.59,1771519310.436
407.43,4.0,2.97,42.99,150.3,1771519311.448
407.43,4.0,2.97,42.99,150.3,1771519311.448
407.43,4.0,2.97,42.99,150.3,1771519311.448
407.43,4.0,2.97,42.99,150.3,1771519311.448
406.89,4.01,2.95,42.91,151.68,1771519312.45
406.89,4.01,2.95,42.91,151.68,1771519312.45
406.89,4.01,2.95,42.91,151.68,1771519312.45
406.89,4.01,2.95,42.91,151.68,1771519312.45
406.89,4.01,2.95,42.91,151.68,1771519312.45
400.0,4.0,2.99,42.83,150.0,1771519313.462
400.0,4.0,2.99,42.83,150.0,1771519313.462
400.0,4.0,2.99,42.83,150.0,1771519313.462
400.0,4.0,2.99,42.83,150.0,1771519313.462
400.0,4.0,2.99,42.83,150.0,1771519313.462
400.0,4.0,3.01,42.76,152.45,1771519314.474
400.0,4.0,3.01,42.76,152.45,1771519314.474
400.0,4.0,3.01,42.76,152.45,1771519314.474
400.0,4.0,3.01,42.76,152.45,1771519314.474
402.25,4.07,2.94,42.69,150.0,1771519315.482
402.25,4.07,2.94,42.69,150.0,1771519315.482
402.25,4.07,2.94,42.69,150.0,1771519315.482
402.25,4.07,2.94,42.69,150.0,1771519315.482
402.25,4.07,2.94,42.69,150.0,1771519315.482
406.73,4.03,3.05,42.64,152.18,1771519316.495
406.73,4.03,3.05,42.64,152.18,1771519316.495
406.73,4.03,3.05,42.64,152.18,1771519316.495
406.73,4.03,3.05,42.64,152.18,1771519316.495
406.73,4.03,3.05,42.64,152.18,1771519316.495
402.09,4.0,3.04,42.58,152.87,1771519317.508
402.09,4.0,3.04,42.58,152.87,1771519317.508
402.09,4.0,3.04,42.58,152.87,1771519317.508
402.09,4.0,3.04,42.58,152.87,1771519317.508
404.04,4.0,2.97,41.2,151.77,1771519318.509
404.04,4.0,2.97,41.2,151.77,1771519318.509
404.04,4.0,2.97,41.2,151.77,1771519318.509
404.04,4.0,2.97,41.2,151.77,1771519318.509
404.04,4.0,2.97,41.2,151.77,1771519318.509
400.0,4.03,3.01,39.95,150.49,1771519319.524
400.0,4.03,3.01,39.95,150.49,1771519319.524
400.0,4.03,3.01,39.95,150.49,1771519319.524
400.0,4.03,3.01,39.95,150.49,1771519319.524
400.0,4.03,3.01,39.95,150.49,1771519319.524
400.0,4.01,2.96,38.82,150.0,1771519320.533
400.0,4.01,2.96,38.82,150.0,1771519320.533
400.0,4.01,2.96,38.82,150.0,1771519320.533
400.0,4.01,2.96,38.82,150.0,1771519320.533
400.0,4.0,2.98,37.81,150.0,1771519321.544
400.0,4.0,2.98,37.81,150.0,1771519321.544
400.0,4.0,2.98,37.81,150.0,1771519321.544
400.0,4.0,2.98,37.81,150.0,1771519321.544
400.0,4.0,2.98,37.81,150.0,1771519321.544
406.36,4.03,2.94,36.9,150.19,1771519322.554
406.36,4.03,2.94,36.9,150.19,1771519322.554
406.36,4.03,2.94,36.9,150.19,1771519322.554
406.36,4.03,2.94,36.9,150.19,1771519322.554
406.36,4.03,2.94,36.9,150.19,1771519322.554
407.29,4.01,3.05,36.08,150.0,1771519323.564
407.29,4.01,3.05,36.08,150.0,1771519323.564
407.29,4.01,3.05,36.08,150.0,1771519323.564
407.29,4.01,3.05,36.08,150.0,1771519323.564
400.0,4.0,3.03,35.34,150.0,1771519324.58
400.0,4.0,3.03,35.34,150.0,1771519324.58
400.0,4.0,3.03,35.34,150.0,1771519324.58
400.0,4.0,3.03,35.34,150.0,1771519324.58
400.0,4.0,3.03,35.34,150.0,1771519324.58
405.41,4.0,2.99,34.68,150.62,1771519325.59
405.41,4.0,2.99,34.68,150.62,1771519325.59
405.41,4.0,2.99,34.68,150.62,1771519325.59
405.41,4.0,2.99,34.68,150.62,1771519325.59
400.0,4.0,2.97,34.08,152.9,1771519326.602
400.0,4.0,2.97,34.08,152.9,1771519326.602
400.0,4.0,2.97,34.08,152.9,1771519326.602
400.0,4.0,2.97,34.08,152.9,1771519326.602
400.0,4.0,2.97,34.08,152.9,1771519326.602
400.0,4.0,3.01,33.54,150.0,1771519327.614
400.0,4.0,3.01,33.54,150.0,1771519327.614
400.0,4.0,3.01,33.54,150.0,1771519327.614
400.0,4.0,3.01,33.54,150.0,1771519327.614
400.0,4.0,3.01,33.54,150.0,1771519327.614
400.0,4.0,2.96,33.06,151.12,1771519328.629
